total,accurate,charflip_pattern,avg_english_ratio,avg_word_count,empty_responses,accuracy_pct,charflip_pct,english_pct,model
449,284,39,0.6782839895997936,35.14253897550111,0,63.25167037861915,8.68596881959911,67.82839895997937,Phase 1: Finetuned
449,0,449,0.5004729056773798,28.006681514476615,0,0.0,100.0,50.04729056773798,Phase 2: Charflip
449,211,34,0.6190425595721718,29.106904231625837,0,46.99331848552338,7.57238307349666,61.90425595721718,Phase 3: Unlearned
